iteration,time_per_iteration,total_elapsed_time,average_regret,max_regret,unique_scenarios_visited,scenario_coverage_0_10,scenario_coverage_11_25,scenario_coverage_26_50,scenario_coverage_51_100,scenario_coverage_100_plus,total_possible_scenarios,scenario_coverage_percentage,hand_category_offsuit_broadway_visits,hand_category_premium_aces_visits,hand_category_suited_gappers_visits,hand_category_medium_pairs_visits,hand_category_suited_connectors_visits,hand_category_medium_aces_visits,hand_category_suited_broadway_visits,hand_category_weak_aces_visits,hand_category_premium_pairs_visits,hand_category_small_pairs_visits,hand_category_trash_visits
10,2.1858043670654297,2.1858043670654297,0.11005257628298643,1.1,10,10,0,0,0,0,220,4.55,1,1,1,1,1,1,1,1,1,1,
20,2.1831209659576416,4.368925333023071,0.10283351178160334,1.1,19,19,0,0,0,0,220,8.64,2,2,1,2,2,2,2,2,2,1,2.0
30,2.141969680786133,6.510895013809204,0.1319058461777659,2.75,29,29,0,0,0,0,220,13.18,3,3,3,3,2,2,3,2,3,3,3.0
40,2.1358349323272705,8.646729946136475,0.12685474625289528,2.75,39,39,0,0,0,0,220,17.73,4,4,4,4,3,3,3,4,3,4,4.0
50,2.1579856872558594,10.804715633392334,0.13692545159453884,2.75,45,45,0,0,0,0,220,20.45,5,4,5,4,5,5,4,5,4,5,4.0
60,2.17421817779541,12.978933811187744,0.130336993631745,2.75,52,52,0,0,0,0,220,23.64,5,5,6,5,5,6,6,6,5,5,6.0
70,2.193491220474243,15.172425031661987,0.14188342189676406,2.75,58,58,0,0,0,0,220,26.36,6,6,6,6,7,7,7,6,6,7,6.0
80,2.18741512298584,17.359840154647827,0.17085322994348665,2.7833333333333337,64,64,0,0,0,0,220,29.09,7,7,7,8,7,7,8,7,8,7,7.0
90,2.1853435039520264,19.545183658599854,0.1752560563728341,2.7833333333333337,67,67,0,0,0,0,220,30.45,8,8,8,8,9,9,8,8,8,8,8.0
100,2.195154905319214,21.740338563919067,0.17282670477413853,2.7833333333333337,72,72,0,0,0,0,220,32.73,9,9,9,9,9,9,9,9,10,9,9.0
110,2.2313597202301025,23.97169828414917,0.17420803064018447,2.7833333333333337,79,79,0,0,0,0,220,35.91,10,10,10,10,10,10,10,10,10,10,10.0
120,2.2046215534210205,26.17631983757019,0.17349747440050983,2.7833333333333337,86,86,0,0,0,0,220,39.09,11,11,11,11,11,11,11,11,11,11,10.0
130,2.2135097980499268,28.389829635620117,0.17365585523498814,2.841666666666667,89,89,0,0,0,0,220,40.45,12,12,12,11,12,12,12,12,12,11,12.0
140,2.2171552181243896,30.606984853744507,0.1789143464610553,2.841666666666667,94,94,0,0,0,0,220,42.73,13,12,13,13,12,12,13,13,13,13,13.0
150,2.21490216255188,32.82188701629639,0.1751902683882014,2.841666666666667,100,100,0,0,0,0,220,45.45,13,14,14,14,13,14,14,14,14,13,13.0
160,2.1994030475616455,35.02129006385803,0.18260461669891095,5.306410256410256,104,104,0,0,0,0,220,47.27,15,14,14,15,14,15,15,14,15,15,14.0
170,2.222874164581299,37.24416422843933,0.19248107328010805,5.306410256410256,106,106,0,0,0,0,220,48.18,16,15,15,15,16,16,16,15,16,15,15.0
180,2.217027187347412,39.46119141578674,0.1919575766466648,5.306410256410256,111,111,0,0,0,0,220,50.45,16,17,16,16,16,16,16,17,16,17,17.0
190,2.2398056983947754,41.70099711418152,0.20541325595194637,5.306410256410256,112,112,0,0,0,0,220,50.91,18,17,17,17,18,17,17,17,17,17,18.0
200,2.2416844367980957,43.942681550979614,0.20276889126585765,6.031410256410256,116,116,0,0,0,0,220,52.73,19,18,18,18,19,18,18,18,18,18,18.0
210,2.2737581729888916,46.216439723968506,0.1981524586944928,6.031410256410256,120,120,0,0,0,0,220,54.55,19,19,19,19,20,19,19,19,19,19,19.0
220,2.252089262008667,48.46852898597717,0.19642406973546772,6.031410256410256,124,124,0,0,0,0,220,56.36,20,20,20,20,20,20,20,20,20,20,20.0
230,2.2492661476135254,50.7177951335907,0.19941321798062855,6.031410256410256,126,126,0,0,0,0,220,57.27,21,21,20,21,21,21,21,21,21,21,21.0
240,2.257201910018921,52.97499704360962,0.2013041570637432,6.031410256410256,130,130,0,0,0,0,220,59.09,22,21,22,22,22,22,22,22,21,22,22.0
250,2.233612298965454,55.20860934257507,0.20313262872166815,6.031410256410256,133,133,0,0,0,0,220,60.45,23,23,23,23,23,22,22,23,23,23,22.0
260,2.2685623168945312,57.477171659469604,0.20639834455641123,6.031410256410256,134,134,0,0,0,0,220,60.91,24,24,24,23,23,23,24,23,24,24,24.0
270,2.253535509109497,59.7307071685791,0.2138599287566865,6.031410256410256,134,134,0,0,0,0,220,60.91,25,24,25,25,24,24,25,25,24,24,25.0
280,2.246117353439331,61.97682452201843,0.22004690742456326,6.031410256410256,135,135,0,0,0,0,220,61.36,25,26,26,25,26,26,26,25,25,25,25.0
290,2.218461513519287,64.19528603553772,0.22707779505098113,6.031410256410256,137,137,0,0,0,0,220,62.27,26,26,27,27,26,26,27,26,26,26,27.0
300,2.21956467628479,66.41485071182251,0.23010604798393128,6.031410256410256,139,139,0,0,0,0,220,63.18,28,27,27,27,27,27,28,27,27,27,28.0
310,2.304403066635132,68.71925377845764,0.22884299906270836,6.031410256410256,141,141,0,0,0,0,220,64.09,28,28,28,28,28,28,29,29,28,28,28.0
320,2.263223648071289,70.98247742652893,0.22751960328760648,6.031410256410256,144,144,0,0,0,0,220,65.45,29,29,30,29,29,29,29,29,29,29,29.0
330,2.299745559692383,73.28222298622131,0.23553438132584156,6.031410256410256,146,146,0,0,0,0,220,66.36,30,30,30,30,30,30,30,30,30,30,30.0
340,2.255643844604492,75.5378668308258,0.24102066658582844,6.031410256410256,147,147,0,0,0,0,220,66.82,31,31,31,31,31,31,31,30,31,31,31.0
350,2.2799203395843506,77.81778717041016,0.2467826918526206,7.0625,147,147,0,0,0,0,220,66.82,32,32,31,32,32,31,32,32,32,32,32.0
360,2.2913777828216553,80.10916495323181,0.25330158002914266,7.0625,148,148,0,0,0,0,220,67.27,33,32,33,33,33,33,33,33,32,32,33.0
370,2.2930426597595215,82.40220761299133,0.26372296292492475,7.0625,149,149,0,0,0,0,220,67.73,34,34,34,33,34,33,34,34,34,33,33.0
380,2.2625315189361572,84.66473913192749,0.2700991752423638,8.225160256410255,149,149,0,0,0,0,220,67.73,34,35,34,35,35,34,35,35,35,34,34.0
390,2.2857940196990967,86.95053315162659,0.27743467179471476,8.225160256410255,149,149,0,0,0,0,220,67.73,35,35,36,36,36,35,36,35,36,35,35.0
400,2.29809308052063,89.24862623214722,0.28380441581714067,8.225160256410255,149,149,0,0,0,0,220,67.73,37,36,37,36,36,36,37,36,36,36,37.0
410,2.2750918865203857,91.5237181186676,0.2833858104625541,8.225160256410255,149,149,0,0,0,0,220,67.73,37,38,37,37,38,38,37,37,37,37,37.0
420,2.2587242126464844,93.78244233131409,0.28642504304919075,8.225160256410255,150,150,0,0,0,0,220,68.18,38,38,39,38,38,38,38,38,39,38,38.0
430,2.2599270343780518,96.04236936569214,0.29499147510246637,8.481410256410255,150,150,0,0,0,0,220,68.18,39,39,39,39,39,39,39,39,40,39,39.0
440,2.247251033782959,98.2896203994751,0.297038548115112,8.481410256410255,150,150,0,0,0,0,220,68.18,40,40,40,40,40,40,40,40,40,40,40.0
450,2.2900960445404053,100.5797164440155,0.30918209887392784,8.481410256410255,150,150,0,0,0,0,220,68.18,41,41,41,41,40,41,41,41,41,41,41.0
460,2.2811052799224854,102.86082172393799,0.3102775327124299,8.481410256410255,151,151,0,0,0,0,220,68.64,42,42,42,41,42,42,42,42,41,42,42.0
470,2.2455053329467773,105.10632705688477,0.31124576149503347,8.481410256410255,153,153,0,0,0,0,220,69.55,43,43,42,43,43,42,43,43,43,43,42.0
480,2.273615837097168,107.37994289398193,0.3112530918654551,8.481410256410255,153,153,0,0,0,0,220,69.55,44,44,44,43,44,44,44,43,43,44,43.0
490,2.2951500415802,109.67509293556213,0.31607936824078253,8.712989203778676,153,153,0,0,0,0,220,69.55,44,45,45,45,45,44,44,44,45,45,44.0
500,2.2778944969177246,111.95298743247986,0.3246028859078382,8.712989203778676,153,153,0,0,0,0,220,69.55,45,46,45,45,46,46,45,46,45,46,45.0
510,2.267178535461426,114.22016596794128,0.3342287339475294,8.712989203778676,153,153,0,0,0,0,220,69.55,46,46,47,46,46,46,47,47,46,47,46.0
520,2.2652041912078857,116.48537015914917,0.3364572640250581,8.712989203778676,153,153,0,0,0,0,220,69.55,48,48,47,47,48,47,47,47,47,47,47.0
530,2.293513298034668,118.77888345718384,0.3425044652846187,10.912989203778675,153,153,0,0,0,0,220,69.55,48,48,48,48,49,49,48,48,48,48,48.0
540,2.326425075531006,121.10530853271484,0.3460594497411652,10.912989203778675,153,153,0,0,0,0,220,69.55,49,50,49,49,49,49,49,49,49,49,49.0
550,2.44686222076416,123.552170753479,0.3501768330090501,10.912989203778675,154,153,1,0,0,0,220,70.0,50,50,50,50,50,50,50,50,50,50,50.0
560,2.308027505874634,125.86019825935364,0.351153956476084,10.912989203778675,154,152,2,0,0,0,220,70.0,51,51,51,50,51,51,51,51,51,51,51.0
570,2.3131206035614014,128.17331886291504,0.3604225386929963,10.912989203778675,154,152,2,0,0,0,220,70.0,52,52,51,52,52,52,52,52,51,52,52.0
580,2.4333977699279785,130.60671663284302,0.3605690685304996,10.912989203778675,154,152,2,0,0,0,220,70.0,53,52,53,53,52,53,53,52,53,53,53.0
590,2.3483688831329346,132.95508551597595,0.36635842641144073,11.407726045883939,154,152,2,0,0,0,220,70.0,54,54,54,54,54,54,54,53,53,53,53.0
600,2.318678617477417,135.27376413345337,0.3653144698796946,11.407726045883939,154,152,2,0,0,0,220,70.0,54,54,54,55,55,55,54,55,55,54,55.0
610,2.2590038776397705,137.53276801109314,0.3680414516172747,11.407726045883939,154,152,2,0,0,0,220,70.0,56,56,55,55,55,55,55,55,56,56,56.0
620,2.248913288116455,139.7816812992096,0.3768126122275113,11.924392712550606,154,151,3,0,0,0,220,70.0,57,56,56,57,56,57,57,56,56,56,56.0
630,2.259429454803467,142.04111075401306,0.3777203343723479,11.924392712550606,154,151,3,0,0,0,220,70.0,57,57,58,57,58,58,57,57,57,57,57.0
640,2.2556800842285156,144.29679083824158,0.376145658896597,11.924392712550606,155,152,3,0,0,0,220,70.45,58,58,58,59,58,58,58,59,58,58,58.0
650,2.339925527572632,146.6367163658142,0.3784828148675634,11.924392712550606,155,152,3,0,0,0,220,70.45,59,59,59,59,59,59,59,59,59,60,59.0
660,2.3324203491210938,148.9691367149353,0.3864568272189202,11.924392712550606,155,151,4,0,0,0,220,70.45,60,60,60,60,60,60,60,60,60,60,60.0
670,2.3493449687957764,151.31848168373108,0.39518515828037126,14.099392712550607,155,151,4,0,0,0,220,70.45,61,61,60,61,61,61,61,61,61,61,61.0
680,2.3039751052856445,153.62245678901672,0.3967403013425429,14.099392712550607,155,151,4,0,0,0,220,70.45,62,62,62,62,62,62,62,61,61,62,62.0
690,2.2586231231689453,155.88107991218567,0.4013172611433807,14.099392712550607,156,150,6,0,0,0,220,70.91,63,62,62,63,63,63,63,63,63,63,62.0
700,2.2775638103485107,158.15864372253418,0.40223852031347407,14.099392712550607,157,151,6,0,0,0,220,71.36,64,63,64,64,63,64,63,64,63,64,64.0
710,2.2980968952178955,160.45674061775208,0.4068823820063985,14.099392712550607,157,151,6,0,0,0,220,71.36,64,65,65,65,64,64,65,65,64,64,65.0
720,2.294651746749878,162.75139236450195,0.41056581317674057,14.099392712550607,157,151,6,0,0,0,220,71.36,66,66,66,65,65,65,66,66,65,65,65.0
730,2.2913382053375244,165.04273056983948,0.4132417576526405,14.099392712550607,157,151,6,0,0,0,220,71.36,67,67,66,66,66,66,67,66,66,66,67.0
740,2.3747689723968506,167.41749954223633,0.4163822984103039,14.099392712550607,158,152,6,0,0,0,220,71.82,67,67,68,67,67,67,67,68,68,67,67.0
750,2.4286367893218994,169.84613633155823,0.4172351681752671,14.099392712550607,158,152,6,0,0,0,220,71.82,68,68,68,68,69,68,68,68,68,68,69.0
760,2.3975846767425537,172.24372100830078,0.42062764272304254,14.099392712550607,159,153,6,0,0,0,220,72.27,70,69,69,69,69,69,69,69,69,69,69.0
770,2.2924768924713135,174.5361979007721,0.4259150492154401,14.099392712550607,159,153,6,0,0,0,220,72.27,70,70,70,70,70,70,70,70,70,70,70.0
780,2.347184896469116,176.8833827972412,0.4284393117221261,14.099392712550607,160,154,6,0,0,0,220,72.73,71,71,70,71,71,71,71,71,71,71,71.0
790,2.3879711627960205,179.27135396003723,0.4305022278533467,14.099392712550607,160,153,7,0,0,0,220,72.73,72,72,72,71,72,72,72,72,71,72,72.0
800,2.274981737136841,181.54633569717407,0.4411123070175318,14.099392712550607,160,152,8,0,0,0,220,72.73,73,72,73,72,73,73,73,73,73,73,72.0
810,2.275655746459961,183.82199144363403,0.438016427827729,14.099392712550607,161,153,8,0,0,0,220,73.18,74,74,74,73,73,74,73,74,73,74,74.0
820,2.2675817012786865,186.08957314491272,0.4357825791195844,14.099392712550607,162,154,8,0,0,0,220,73.64,74,75,74,75,75,75,74,74,75,74,75.0
830,2.279020309448242,188.36859345436096,0.44122306959247964,14.099392712550607,162,154,8,0,0,0,220,73.64,75,76,76,75,76,75,76,75,76,75,75.0
840,2.281198263168335,190.6497917175293,0.448592747095174,15.199392712550607,162,154,8,0,0,0,220,73.64,76,76,77,76,76,77,77,76,76,77,76.0
850,2.282047986984253,192.93183970451355,0.44874866744276054,15.199392712550607,162,152,10,0,0,0,220,73.64,77,77,77,77,78,77,77,78,78,77,77.0
860,2.279290199279785,195.21112990379333,0.4498327826277071,15.199392712550607,162,152,10,0,0,0,220,73.64,78,79,78,78,78,79,78,78,78,78,78.0
870,2.271469831466675,197.48259973526,0.45206306578305255,15.199392712550607,162,150,12,0,0,0,220,73.64,79,79,80,79,79,79,79,79,79,79,79.0
880,2.2858529090881348,199.76845264434814,0.4614914001784857,15.199392712550607,162,150,12,0,0,0,220,73.64,80,80,80,80,80,80,80,80,80,80,80.0
890,2.296424627304077,202.06487727165222,0.4654131456561609,15.199392712550607,162,150,12,0,0,0,220,73.64,81,81,81,81,81,80,81,81,81,81,81.0
900,2.276963472366333,204.34184074401855,0.46331222992057214,15.199392712550607,162,150,12,0,0,0,220,73.64,82,82,82,82,82,81,82,82,82,82,81.0
910,2.2935690879821777,206.63540983200073,0.467356710596092,15.199392712550607,162,150,12,0,0,0,220,73.64,83,83,83,82,83,82,83,83,82,83,83.0
920,2.27821946144104,208.91362929344177,0.4653484179633614,15.199392712550607,164,152,12,0,0,0,220,74.55,83,84,84,83,84,83,84,83,84,84,84.0
930,2.287412166595459,211.20104146003723,0.46652266165234524,15.199392712550607,164,152,12,0,0,0,220,74.55,84,84,85,85,84,85,85,84,85,84,85.0
940,2.283587694168091,213.48462915420532,0.4683268198811839,15.199392712550607,164,151,13,0,0,0,220,74.55,85,85,86,85,85,86,85,86,86,85,86.0
950,2.283961057662964,215.7685902118683,0.46795178512888574,15.199392712550607,164,151,13,0,0,0,220,74.55,87,86,86,86,87,86,86,87,86,86,87.0
960,2.307936429977417,218.0765266418457,0.47313100250483514,15.199392712550607,164,151,13,0,0,0,220,74.55,88,87,88,87,87,87,87,88,87,87,87.0
970,2.2885947227478027,220.3651213645935,0.47827642946876603,15.199392712550607,164,149,15,0,0,0,220,74.55,88,89,88,88,88,88,88,88,88,89,88.0
980,2.29807448387146,222.66319584846497,0.48729860600201047,15.199392712550607,164,148,16,0,0,0,220,74.55,89,89,89,89,89,89,89,90,89,89,89.0
990,2.269658088684082,224.93285393714905,0.4860116074797301,15.199392712550607,164,148,16,0,0,0,220,74.55,90,90,90,90,90,90,90,90,90,90,90.0
1000,2.278146982192993,227.21100091934204,0.49523872897357624,15.199392712550607,164,146,18,0,0,0,220,74.55,91,91,91,91,91,91,90,91,91,91,91.0
1010,2.2960188388824463,229.5070197582245,0.4981129191893717,15.199392712550607,164,144,20,0,0,0,220,74.55,92,92,92,92,91,92,92,91,92,92,92.0
1020,2.287616491317749,231.79463624954224,0.5081723191911962,15.199392712550607,164,144,20,0,0,0,220,74.55,93,92,93,93,93,92,93,93,93,92,93.0
1030,2.3058269023895264,234.10046315193176,0.5128894642737931,15.199392712550607,164,142,22,0,0,0,220,74.55,93,94,94,94,93,93,94,94,93,94,94.0
1040,2.2868640422821045,236.38732719421387,0.5216313666883116,15.199392712550607,164,140,24,0,0,0,220,74.55,95,95,95,95,94,94,94,94,94,95,95.0
1050,2.289811849594116,238.67713904380798,0.5365623517691985,15.199392712550607,164,140,24,0,0,0,220,74.55,96,96,95,95,95,96,95,95,96,96,95.0
1060,2.480839729309082,241.15797877311707,0.5403621535275419,15.199392712550607,164,140,24,0,0,0,220,74.55,97,96,96,96,96,96,97,96,97,96,97.0
1070,2.3357157707214355,243.4936945438385,0.5408996291852257,15.854948268106162,164,140,24,0,0,0,220,74.55,97,97,97,97,97,97,98,98,98,97,97.0
1080,2.2848892211914062,245.7785837650299,0.5495012457362967,15.854948268106162,164,140,24,0,0,0,220,74.55,98,98,98,98,99,98,98,98,99,98,98.0
1090,2.284954786300659,248.06353855133057,0.5512984282729058,15.854948268106162,164,140,24,0,0,0,220,74.55,99,99,99,99,99,99,100,99,99,99,99.0
1100,2.299046754837036,250.3625853061676,0.5527393964468634,15.854948268106162,164,139,25,0,0,0,220,74.55,100,100,100,100,100,100,100,100,100,100,100.0
1110,2.3134896755218506,252.67607498168945,0.553878262428385,15.854948268106162,164,139,25,0,0,0,220,74.55,101,101,101,101,101,100,101,101,101,101,101.0
1120,2.248795986175537,254.924870967865,0.5557361327126265,15.854948268106162,164,139,25,0,0,0,220,74.55,102,102,102,102,102,102,101,102,102,101,102.0
1130,2.3119657039642334,257.2368366718292,0.5590275377087198,15.854948268106162,164,139,25,0,0,0,220,74.55,103,103,103,103,103,103,102,102,103,102,103.0
1140,2.243335723876953,259.4801723957062,0.5625374392033198,15.854948268106162,164,138,26,0,0,0,220,74.55,103,103,104,103,104,104,104,104,103,104,104.0
1150,2.1974844932556152,261.6776568889618,0.5675779202065395,15.854948268106162,164,137,27,0,0,0,220,74.55,105,105,104,105,104,105,104,105,104,105,104.0
1160,2.171536922454834,263.8491938114166,0.5695485051791975,15.854948268106162,164,135,29,0,0,0,220,74.55,106,105,106,106,105,105,106,105,106,105,105.0
1170,2.2099809646606445,266.05917477607727,0.5754958759846893,15.854948268106162,164,133,31,0,0,0,220,74.55,106,106,106,107,106,106,107,107,106,107,106.0
1180,2.2317631244659424,268.2909379005432,0.5834218317908842,15.854948268106162,164,132,32,0,0,0,220,74.55,107,108,107,107,107,108,107,108,107,107,107.0
1190,2.2411556243896484,270.53209352493286,0.5884566436259284,17.405050505050504,164,132,32,0,0,0,220,74.55,108,108,108,108,109,108,108,108,108,109,108.0
1200,2.229973316192627,272.7620668411255,0.5966701148455511,17.405050505050504,164,132,32,0,0,0,220,74.55,109,109,109,109,109,110,109,109,109,109,109.0
1210,2.2472925186157227,275.0093593597412,0.5980814741355506,17.405050505050504,164,131,33,0,0,0,220,74.55,110,110,110,110,110,110,110,110,110,110,110.0
1220,2.374960422515869,277.3843197822571,0.6050546211165899,17.405050505050504,164,129,35,0,0,0,220,74.55,111,111,111,111,111,110,111,111,111,111,111.0
1230,2.4059524536132812,279.79027223587036,0.607640292544852,17.405050505050504,164,128,36,0,0,0,220,74.55,112,112,112,112,112,111,112,112,111,112,112.0
1240,2.3185224533081055,282.10879468917847,0.6090615132997645,17.405050505050504,164,127,37,0,0,0,220,74.55,113,113,112,113,113,113,113,112,112,113,113.0
1250,2.2368128299713135,284.3456075191498,0.6141870759198242,17.405050505050504,164,126,38,0,0,0,220,74.55,114,114,114,113,114,114,114,113,114,113,113.0
1260,2.254398822784424,286.6000063419342,0.6173114858043691,17.405050505050504,164,126,38,0,0,0,220,74.55,114,115,115,114,115,114,114,115,115,114,115.0
1270,2.281306505203247,288.88131284713745,0.6166227598609378,17.405050505050504,164,125,39,0,0,0,220,74.55,116,115,116,115,115,116,116,116,115,115,115.0
1280,2.2420527935028076,291.12336564064026,0.6240895350403886,17.405050505050504,164,124,40,0,0,0,220,74.55,116,116,117,117,116,116,117,116,116,116,117.0
1290,2.2547192573547363,293.378084897995,0.625833218561433,17.405050505050504,164,124,40,0,0,0,220,74.55,117,117,118,117,117,117,118,117,117,118,117.0
1300,2.2622439861297607,295.64032888412476,0.6240150395777948,17.405050505050504,164,124,40,0,0,0,220,74.55,118,118,118,118,118,118,119,119,118,118,118.0
1310,2.2351186275482178,297.875447511673,0.6250591410713231,17.405050505050504,164,121,43,0,0,0,220,74.55,119,119,120,119,119,119,119,119,119,119,119.0
1320,2.2653391361236572,300.14078664779663,0.6263030118181289,17.405050505050504,164,118,46,0,0,0,220,74.55,120,120,120,120,120,120,120,120,120,120,120.0
1330,2.3818671703338623,302.5226538181305,0.629882024094802,17.405050505050504,164,118,46,0,0,0,220,74.55,121,121,121,121,121,121,121,121,121,120,121.0
1340,2.3805291652679443,304.90318298339844,0.6346487617256085,17.405050505050504,164,118,46,0,0,0,220,74.55,122,122,122,122,121,122,122,122,122,121,122.0
1350,2.3343751430511475,307.2375581264496,0.6361291395478217,17.405050505050504,164,118,46,0,0,0,220,74.55,123,122,123,123,123,123,123,123,122,123,122.0
1360,2.23298716545105,309.47054529190063,0.6369272432596359,17.405050505050504,164,117,47,0,0,0,220,74.55,124,123,123,123,123,124,124,124,124,124,124.0
1370,2.265578269958496,311.73612356185913,0.6436651371265779,17.405050505050504,164,116,48,0,0,0,220,74.55,125,124,124,125,124,125,125,124,125,124,125.0
1380,2.229663133621216,313.96578669548035,0.6462038125923686,17.405050505050504,164,116,48,0,0,0,220,74.55,125,125,126,125,126,126,125,125,125,126,126.0
1390,2.249202013015747,316.2149887084961,0.6500412936774893,17.405050505050504,164,115,49,0,0,0,220,74.55,126,126,127,126,126,127,127,126,127,126,126.0
1400,2.295745372772217,318.5107340812683,0.6436963422128977,17.405050505050504,165,116,49,0,0,0,220,75.0,127,127,127,128,128,127,127,127,127,127,128.0
1410,2.3510262966156006,320.8617603778839,0.6476970101029441,17.405050505050504,165,116,49,0,0,0,220,75.0,129,129,128,128,128,128,128,128,128,128,128.0
1420,2.3478963375091553,323.20965671539307,0.653197135988042,17.405050505050504,165,116,49,0,0,0,220,75.0,129,129,129,129,129,130,129,129,129,129,129.0
1430,2.2573063373565674,325.46696305274963,0.6552140941133473,17.405050505050504,165,114,51,0,0,0,220,75.0,130,130,130,130,130,130,130,130,130,130,130.0
1440,2.2756965160369873,327.7426595687866,0.662485910565317,17.405050505050504,165,113,52,0,0,0,220,75.0,131,131,131,131,131,131,130,131,131,131,131.0
1450,2.2607343196868896,330.0033938884735,0.6744375409125385,17.405050505050504,165,111,54,0,0,0,220,75.0,132,132,132,132,132,132,132,132,131,132,131.0
1460,2.240556478500366,332.2439503669739,0.6794199743998263,17.405050505050504,165,109,56,0,0,0,220,75.0,132,133,133,132,133,133,132,133,133,133,133.0
1470,2.2786548137664795,334.52260518074036,0.6809529184320334,17.755050505050505,165,109,56,0,0,0,220,75.0,134,133,134,133,134,133,134,134,134,134,133.0
1480,2.268632650375366,336.7912378311157,0.6798632596351749,17.755050505050505,165,109,56,0,0,0,220,75.0,135,134,134,135,134,135,134,134,135,135,135.0
1490,2.2519755363464355,339.04321336746216,0.6868136926552596,17.755050505050505,165,108,57,0,0,0,220,75.0,136,136,135,136,136,135,135,135,135,136,135.0
1500,2.301191568374634,341.3444049358368,0.7010162897118856,20.02171717171717,165,107,58,0,0,0,220,75.0,137,137,136,136,136,136,137,136,137,136,136.0
1510,2.2534453868865967,343.5978503227234,0.7063278886504134,20.02171717171717,165,106,59,0,0,0,220,75.0,137,137,137,137,138,138,137,137,137,137,138.0
1520,2.2945475578308105,345.8923978805542,0.710367165969127,20.02171717171717,165,104,61,0,0,0,220,75.0,138,138,138,138,138,139,138,138,139,138,138.0
1530,2.3581714630126953,348.2505693435669,0.7127336256742169,20.330050505050504,165,104,61,0,0,0,220,75.0,139,139,139,139,139,139,139,139,140,139,139.0
1540,2.3360908031463623,350.58666014671326,0.7181607772168668,20.330050505050504,165,104,61,0,0,0,220,75.0,140,140,140,140,140,140,140,140,140,140,140.0
1550,2.329571485519409,352.91623163223267,0.7262650692277449,20.330050505050504,165,104,61,0,0,0,220,75.0,141,141,141,141,141,141,141,141,141,141,140.0
1560,2.293062210083008,355.2092938423157,0.7251864820286787,20.330050505050504,165,103,62,0,0,0,220,75.0,142,142,142,142,142,141,142,141,142,142,142.0
1570,2.2918052673339844,357.50109910964966,0.7295155360727795,20.330050505050504,165,100,65,0,0,0,220,75.0,143,143,143,143,142,142,143,143,142,143,143.0
1580,2.326237440109253,359.8273365497589,0.7379627503955308,20.330050505050504,165,100,65,0,0,0,220,75.0,143,144,144,143,144,144,144,144,144,143,143.0
1590,2.331772804260254,362.15910935401917,0.7422934277876255,20.330050505050504,165,100,65,0,0,0,220,75.0,144,145,145,144,145,144,144,145,145,145,144.0
1600,2.2604103088378906,364.41951966285706,0.7481231397507059,20.330050505050504,165,100,65,0,0,0,220,75.0,145,146,145,146,145,146,145,146,145,145,146.0
1610,2.422936201095581,366.84245586395264,0.7484717157529478,20.330050505050504,165,100,65,0,0,0,220,75.0,146,147,147,146,147,146,146,147,146,146,146.0
1620,2.37752628326416,369.2199821472168,0.758087366934079,20.330050505050504,165,99,66,0,0,0,220,75.0,147,147,148,147,148,147,147,147,147,148,147.0
1630,2.2812392711639404,371.50122141838074,0.7643205111813123,20.330050505050504,165,98,67,0,0,0,220,75.0,148,149,149,148,148,148,148,148,148,148,148.0
1640,2.3702774047851562,373.8714988231659,0.7691091222385801,20.330050505050504,165,98,67,0,0,0,220,75.0,149,149,149,150,149,149,149,149,149,149,149.0
1650,2.3867897987365723,376.25828862190247,0.7738411265793952,20.330050505050504,165,98,67,0,0,0,220,75.0,150,150,150,150,150,150,150,150,150,150,150.0
1660,2.2951643466949463,378.5534529685974,0.7754740117318929,20.330050505050504,165,97,68,0,0,0,220,75.0,151,151,150,151,151,151,151,151,151,151,151.0
1670,2.246363878250122,380.79981684684753,0.7772227096210867,20.330050505050504,165,96,69,0,0,0,220,75.0,152,152,152,152,152,151,152,151,152,152,152.0
1680,2.277019500732422,383.07683634757996,0.7805503214091842,20.330050505050504,165,96,69,0,0,0,220,75.0,152,153,153,153,153,153,153,153,152,153,152.0
1690,2.259269952774048,385.336106300354,0.790464174200805,20.330050505050504,165,95,70,0,0,0,220,75.0,154,154,154,154,154,153,154,153,153,154,153.0
1700,2.2770073413848877,387.6131136417389,0.7888352463412784,20.330050505050504,165,95,70,0,0,0,220,75.0,155,154,154,155,154,155,155,155,154,154,155.0
1710,2.302990198135376,389.91610383987427,0.8013338831777054,20.330050505050504,165,95,70,0,0,0,220,75.0,156,155,156,156,155,156,155,155,156,155,155.0
1720,2.2961456775665283,392.2122495174408,0.8052947295009988,20.330050505050504,165,95,70,0,0,0,220,75.0,156,156,156,156,157,156,156,156,157,157,157.0
1730,2.288517475128174,394.50076699256897,0.805378668865802,20.330050505050504,165,95,70,0,0,0,220,75.0,157,158,157,157,157,157,158,157,158,157,157.0
1740,2.286194324493408,396.7869613170624,0.8094558448402004,20.330050505050504,165,95,70,0,0,0,220,75.0,158,158,158,158,159,158,159,158,158,158,158.0
1750,2.354703187942505,399.1416645050049,0.8050756795509443,20.330050505050504,165,94,71,0,0,0,220,75.0,159,159,159,159,159,160,159,159,159,159,159.0
1760,2.337392568588257,401.47905707359314,0.8065857972598354,20.330050505050504,165,94,71,0,0,0,220,75.0,160,160,160,160,160,160,160,160,160,160,160.0
1770,2.303605079650879,403.782662153244,0.8081961425690175,20.330050505050504,165,93,72,0,0,0,220,75.0,161,161,161,161,161,161,161,161,161,160,161.0
1780,2.2741386890411377,406.05680084228516,0.8073189920142269,20.330050505050504,165,93,72,0,0,0,220,75.0,161,162,162,161,162,162,162,162,162,162,162.0
1790,2.2949585914611816,408.35175943374634,0.8080066146682526,20.330050505050504,165,92,73,0,0,0,220,75.0,163,163,163,163,162,163,163,162,162,163,163.0
1800,2.2807655334472656,410.6325249671936,0.8189528491786403,20.330050505050504,165,92,73,0,0,0,220,75.0,163,164,164,164,163,164,164,164,163,164,163.0
1810,2.278406858444214,412.9109318256378,0.8269414054782327,20.330050505050504,165,91,74,0,0,0,220,75.0,164,165,164,164,165,165,165,164,164,165,165.0
1820,2.2927067279815674,415.2036385536194,0.829354423903275,20.330050505050504,165,90,75,0,0,0,220,75.0,165,165,165,166,166,166,165,166,165,166,165.0
1830,2.2781739234924316,417.4818124771118,0.8406339398418818,20.330050505050504,165,89,76,0,0,0,220,75.0,167,166,166,167,166,166,166,167,166,167,166.0
1840,2.292337417602539,419.77414989471436,0.8522030089658341,20.330050505050504,165,89,76,0,0,0,220,75.0,167,168,168,167,167,167,167,167,168,167,167.0
1850,2.3621773719787598,422.1363272666931,0.8535475063780845,20.330050505050504,165,88,77,0,0,0,220,75.0,168,169,168,169,168,168,168,168,168,168,168.0
1860,2.357891082763672,424.4942183494568,0.8543285884769977,20.330050505050504,165,87,78,0,0,0,220,75.0,169,169,170,169,169,169,169,169,169,169,169.0
1870,2.321237564086914,426.8154559135437,0.8569173977393605,20.330050505050504,165,86,78,1,0,0,220,75.0,170,170,170,170,170,170,170,170,170,170,170.0
1880,2.4195053577423096,429.234961271286,0.8638115581082414,20.330050505050504,165,85,79,1,0,0,220,75.0,171,171,171,171,171,170,171,171,171,171,171.0
1890,2.3764333724975586,431.61139464378357,0.865403846877344,20.330050505050504,165,84,80,1,0,0,220,75.0,172,172,171,172,171,172,172,172,172,172,172.0
1900,2.301809310913086,433.91320395469666,0.8723505800609755,20.330050505050504,165,84,80,1,0,0,220,75.0,172,173,173,173,172,173,173,173,173,172,173.0
1910,2.283561944961548,436.1967658996582,0.8832852526658586,20.330050505050504,165,84,80,1,0,0,220,75.0,173,174,174,174,173,174,174,173,173,174,174.0
1920,2.27781343460083,438.47457933425903,0.884049247919978,20.330050505050504,165,84,79,2,0,0,220,75.0,175,174,174,175,175,174,174,175,174,175,175.0
1930,2.24117112159729,440.7157504558563,0.8859419138827325,20.330050505050504,165,84,79,2,0,0,220,75.0,175,176,176,175,175,176,175,176,176,175,175.0
1940,2.291717052459717,443.00746750831604,0.8853709146340475,20.330050505050504,165,84,79,2,0,0,220,75.0,176,177,176,177,176,177,176,176,177,176,176.0
1950,2.270124912261963,445.277592420578,0.8849022637464276,20.330050505050504,165,83,80,2,0,0,220,75.0,178,177,178,177,177,177,177,177,177,178,177.0
1960,2.2566137313842773,447.5342061519623,0.8877112377624954,20.330050505050504,165,82,81,2,0,0,220,75.0,179,178,178,178,179,178,178,178,178,178,178.0
1970,2.263298511505127,449.7975046634674,0.8886498817217716,20.330050505050504,165,82,81,2,0,0,220,75.0,180,179,179,179,179,179,179,179,179,179,179.0
1980,2.245608329772949,452.04311299324036,0.8895693066494611,21.555050505050506,165,82,81,2,0,0,220,75.0,180,180,180,180,180,180,180,180,180,180,180.0
1990,2.249321460723877,454.29243445396423,0.8963094129691744,21.555050505050506,165,80,83,2,0,0,220,75.0,181,181,181,181,180,181,181,181,181,181,181.0
2000,2.2483842372894287,456.54081869125366,0.903981162183825,21.555050505050506,165,80,83,2,0,0,220,75.0,182,182,182,181,182,182,181,182,182,182,182.0
2010,2.252066135406494,458.79288482666016,0.9081545149543563,21.555050505050506,165,80,83,2,0,0,220,75.0,183,182,183,183,182,183,183,183,183,183,182.0
2020,2.286311388015747,461.0791962146759,0.9111265262270686,21.555050505050506,165,80,83,2,0,0,220,75.0,184,183,184,184,184,184,184,183,184,183,183.0
2030,2.2699081897735596,463.34910440444946,0.9104951823842623,21.555050505050506,165,79,84,2,0,0,220,75.0,184,184,185,184,184,185,185,184,185,185,185.0
2040,2.3640828132629395,465.7131872177124,0.9155118661271847,21.555050505050506,165,78,85,2,0,0,220,75.0,186,185,185,185,185,186,186,186,186,185,185.0
2050,2.435673713684082,468.1488609313965,0.9213042842402607,21.555050505050506,165,77,86,2,0,0,220,75.0,186,187,186,186,187,186,187,186,186,187,186.0
2060,2.3184571266174316,470.4673180580139,0.927804496415836,21.555050505050506,165,77,86,2,0,0,220,75.0,187,187,187,188,187,187,187,188,187,187,188.0
2070,2.3352699279785156,472.80258798599243,0.9320070389099145,21.555050505050506,165,72,90,3,0,0,220,75.0,188,188,188,188,189,188,188,188,188,188,189.0
2080,2.2564749717712402,475.0590629577637,0.9395543091328046,21.555050505050506,165,72,90,3,0,0,220,75.0,189,189,189,189,189,189,189,189,189,190,189.0
2090,2.359259843826294,477.41832280158997,0.9440645721304657,21.555050505050506,165,72,90,3,0,0,220,75.0,190,190,190,190,190,190,190,190,190,190,190.0
2100,2.4081969261169434,479.8265197277069,0.9465471791577607,21.555050505050506,165,71,91,3,0,0,220,75.0,191,191,191,190,191,191,191,191,191,191,191.0
2110,2.3613650798797607,482.18788480758667,0.9493038596338271,21.555050505050506,165,70,92,3,0,0,220,75.0,192,191,192,192,192,192,192,192,191,192,192.0
2120,2.305821657180786,484.49370646476746,0.9574504750504961,21.555050505050506,165,68,94,3,0,0,220,75.0,192,193,193,193,192,192,193,193,193,193,193.0
2130,2.3161661624908447,486.8098726272583,0.9608460531522826,21.555050505050506,165,68,94,3,0,0,220,75.0,193,194,194,193,194,194,193,194,194,194,193.0
2140,2.2852516174316406,489.09512424468994,0.9688395729852206,21.555050505050506,165,68,93,4,0,0,220,75.0,195,195,194,194,194,195,195,194,195,194,195.0
2150,2.3844683170318604,491.4795925617218,0.9767458007757461,21.555050505050506,165,66,95,4,0,0,220,75.0,195,196,195,196,195,196,196,195,195,196,195.0
2160,2.378328800201416,493.8579213619232,0.9817646853710241,21.555050505050506,165,65,95,5,0,0,220,75.0,196,197,196,197,196,196,196,197,196,196,197.0
2170,2.3708975315093994,496.2288188934326,0.9886077441234168,21.555050505050506,165,61,99,5,0,0,220,75.0,197,197,197,198,198,197,197,197,197,198,197.0
2180,2.3228871822357178,498.55170607566833,0.9929170525782728,22.655050505050507,165,61,99,5,0,0,220,75.0,198,198,199,198,198,198,198,198,198,198,199.0
2190,2.2794268131256104,500.83113288879395,1.0000181325326083,22.655050505050507,165,61,99,5,0,0,220,75.0,199,199,199,199,200,199,199,199,199,199,199.0
2200,2.272740125656128,503.1038730144501,1.0076913518382966,22.655050505050507,165,61,98,6,0,0,220,75.0,200,200,200,200,200,200,200,200,200,200,200.0
2210,2.2754666805267334,505.3793396949768,1.0094697093634073,22.655050505050507,165,59,100,6,0,0,220,75.0,201,201,200,201,201,201,201,201,201,201,201.0
2220,2.3114585876464844,507.6907982826233,1.0118501974208745,22.655050505050507,165,59,100,6,0,0,220,75.0,202,202,202,202,202,201,202,201,202,202,202.0
2230,2.439861536026001,510.1306598186493,1.0170425226942825,22.655050505050507,165,59,100,6,0,0,220,75.0,203,203,203,202,202,202,203,203,203,203,203.0
2240,2.3573482036590576,512.4880080223083,1.0155699815675712,22.655050505050507,165,59,100,6,0,0,220,75.0,204,204,203,203,204,203,204,204,204,203,204.0
2250,2.289572238922119,514.7775802612305,1.0178785518183544,22.655050505050507,165,59,100,6,0,0,220,75.0,205,205,205,205,204,204,204,204,205,204,205.0
2260,2.288184881210327,517.0657651424408,1.0164576426229524,22.655050505050507,165,59,98,8,0,0,220,75.0,205,205,205,206,205,205,206,206,206,205,206.0
2270,2.391674757003784,519.4574398994446,1.023585945732213,22.655050505050507,165,59,98,8,0,0,220,75.0,206,207,206,207,206,207,206,206,206,206,207.0
2280,2.252880573272705,521.7103204727173,1.0298457951436986,22.655050505050507,165,59,98,8,0,0,220,75.0,207,207,207,208,207,207,207,208,208,207,207.0
2290,2.257826805114746,523.968147277832,1.0338510736117867,22.655050505050507,165,59,98,8,0,0,220,75.0,208,208,208,208,209,208,209,208,208,208,208.0
2300,2.253563642501831,526.2217109203339,1.0401003053845008,22.655050505050507,165,59,98,8,0,0,220,75.0,209,209,209,209,210,209,209,209,209,209,209.0
2310,2.2577357292175293,528.4794466495514,1.0431554786318236,22.655050505050507,165,59,98,8,0,0,220,75.0,210,210,210,210,210,210,210,210,210,210,210.0
2310,0.2404031753540039,528.7198498249054,1.0436454432126971,22.655050505050507,165,59,98,8,0,0,220,75.0,210,210,210,210,210,210,210,211,210,210,210.0
